,date,cost,packing,variable,sugar,cbs,coca_powder,coco_powder,malt_powder,milk_powder,other_ingridient
1,1/1/2015,27.955585,10,2.5,2.75275,5.361585,0.2115,0.553,2.4671,3.42755,0.6821
2,1/6/2015,27.905585,10,2.5,2.75275,5.361585,0.2115,0.553,2.4171,3.42755,0.6821
3,1/12/2015,27.905835,10,2.5,2.75275,5.361585,0.2115,0.55325,2.4171,3.42755,0.6821
4,1/17/2015,27.905835,10,2.5,2.75275,5.361585,0.2115,0.55325,2.4171,3.42755,0.6821
5,1/19/2015,27.90661,10,2.5,2.75275,5.361595,0.212,0.55325,2.417115,3.4278,0.6821
6,1/24/2015,27.90686,10,2.5,2.753,5.361595,0.212,0.55325,2.417115,3.4278,0.6821
7,1/26/2015,27.907225,10,2.5,2.753,5.361595,0.212,0.55355,2.41713,3.4278,0.68215
8,1/31/2015,27.907225,10,2.5,2.753,5.361595,0.212,0.55355,2.41713,3.4278,0.68215
9,2/2/2015,27.90707,10,2.5,2.75315,5.36159,0.2115,0.55355,2.41713,3.428,0.68215
10,2/7/2015,27.90717,10,2.5,2.75315,5.36159,0.2115,0.55355,2.41713,3.428,0.68225
11,2/9/2015,27.907395,10,2.5,2.75315,5.361595,0.2115,0.55375,2.41715,3.428,0.68225
12,2/14/2015,27.907445,10,2.5,2.7532,5.361595,0.2115,0.55375,2.41715,3.428,0.68225
13,2/16/2015,27.90721,10,2.5,2.7532,5.361595,0.211,0.55375,2.417165,3.42825,0.68225
14,2/21/2015,27.90736,10,2.5,2.7532,5.361595,0.211,0.55375,2.417165,3.42825,0.6824
15,2/23/2015,27.90775,10,2.5,2.7532,5.36161,0.211,0.5541,2.41719,3.42825,0.6824
16,2/28/2015,27.90775,10,2.5,2.7532,5.36161,0.211,0.5541,2.41719,3.42825,0.6824
17,3/2/2015,27.909985,10,2.5,2.75345,5.36161,0.2125,0.55425,2.417275,3.4285,0.6824
18,3/7/2015,27.910035,10,2.5,2.75345,5.36161,0.2125,0.55425,2.417275,3.4285,0.68245
19,3/9/2015,27.911205,10,2.5,2.75345,5.36163,0.2135,0.55425,2.417275,3.42865,0.68245
20,3/14/2015,27.91128,10,2.5,2.75345,5.36163,0.2135,0.55425,2.4173,3.42865,0.6825
21,3/16/2015,27.91158,10,2.5,2.7536,5.36163,0.2135,0.5544,2.4173,3.42865,0.6825
22,3/21/2015,27.91208,10,2.5,2.7536,5.36163,0.2135,0.5544,2.4173,3.4289,0.68275
23,3/23/2015,27.913595,10,2.5,2.7536,5.361645,0.215,0.5544,2.4173,3.4289,0.68275
24,3/28/2015,27.913745,10,2.5,2.75375,5.361645,0.215,0.5544,2.4173,3.4289,0.68275
25,4/1/2015,28.164705,10.25,2.5,2.75375,5.36165,0.215,0.55465,2.417355,3.4293,0.683
26,4/6/2015,28.167205,10.25,2.5,2.75375,5.36165,0.2175,0.55465,2.417355,3.4293,0.683
27,4/11/2015,28.16779,10.25,2.5,2.75375,5.36165,0.2175,0.55465,2.41739,3.4296,0.68325
28,4/13/2015,28.16879,10.25,2.5,2.75375,5.36165,0.2185,0.55465,2.41739,3.4296,0.68325
29,4/18/2015,28.171805,10.25,2.5,2.75375,5.361665,0.221,0.5549,2.41739,3.4296,0.6835
30,4/20/2015,28.172255,10.25,2.5,2.7539,5.361665,0.221,0.5549,2.41739,3.4299,0.6835
31,4/25/2015,28.172675,10.25,2.5,2.7539,5.361665,0.221,0.5549,2.41741,3.4299,0.6839
32,4/27/2015,28.173375,10.25,2.5,2.7539,5.361665,0.221,0.5556,2.41741,3.4299,0.6839
33,5/4/2015,28.17692,10.25,2.5,2.7539,5.36169,0.224,0.5556,2.41743,3.43005,0.68425
34,5/9/2015,28.17707,10.25,2.5,2.75405,5.36169,0.224,0.5556,2.41743,3.43005,0.68425
35,5/11/2015,28.177555,10.25,2.5,2.75405,5.36169,0.224,0.5558,2.417465,3.43005,0.6845
36,5/16/2015,28.177555,10.25,2.5,2.75405,5.36169,0.224,0.5558,2.417465,3.43005,0.6845
37,5/18/2015,28.17917,10.25,2.5,2.75405,5.361705,0.225,0.5558,2.417465,3.4304,0.68475
38,5/23/2015,28.18042,10.25,2.5,2.7543,5.361705,0.226,0.5558,2.417465,3.4304,0.68475
39,5/25/2015,28.180995,10.25,2.5,2.7543,5.361705,0.226,0.55595,2.41749,3.43055,0.685
40,5/30/2015,28.180995,10.25,2.5,2.7543,5.361705,0.226,0.55595,2.41749,3.43055,0.685
41,6/1/2015,28.18189,10.25,2.5,2.7543,5.361725,0.226,0.55595,2.417515,3.4309,0.6855
42,6/6/2015,28.18354,10.25,2.5,2.75445,5.361725,0.2275,0.55595,2.417515,3.4309,0.6855
43,6/8/2015,28.18439,10.25,2.5,2.75445,5.361725,0.2275,0.55615,2.417515,3.43115,0.6859
44,6/13/2015,28.184525,10.25,2.5,2.75455,5.361725,0.2275,0.55615,2.41755,3.43115,0.6859
45,6/15/2015,28.18514,10.25,2.5,2.75455,5.36174,0.2275,0.55615,2.41755,3.4314,0.68625
46,6/20/2015,28.18518,10.25,2.5,2.75455,5.36174,0.2275,0.55615,2.41759,3.4314,0.68625
47,6/22/2015,28.18729,10.25,2.5,2.75455,5.36175,0.229,0.5563,2.41759,3.4316,0.6865
48,6/27/2015,28.18729,10.25,2.5,2.75455,5.36175,0.229,0.5563,2.41759,3.4316,0.6865
49,7/3/2015,28.939555,11,2.5,2.75505,5.361765,0.23,0.55645,2.41759,3.4318,0.6869
50,7/6/2015,28.93958,11,2.5,2.75505,5.361765,0.23,0.55645,2.417615,3.4318,0.6869
51,7/11/2015,28.94113,11,2.5,2.75505,5.361765,0.231,0.55665,2.417615,3.4318,0.68725
52,7/13/2015,28.94134,11,2.5,2.75505,5.361775,0.231,0.55665,2.417615,3.432,0.68725
53,7/18/2015,28.942425,11,2.5,2.75525,5.361775,0.231,0.5568,2.41765,3.432,0.68795
54,7/20/2015,28.942675,11,2.5,2.75525,5.361775,0.231,0.5568,2.41765,3.43225,0.68795
55,7/25/2015,28.94335,11,2.5,2.75525,5.361775,0.231,0.557,2.417675,3.43225,0.6884
56,7/27/2015,28.9437,11,2.5,2.75525,5.361775,0.231,0.557,2.417675,3.43225,0.68875
57,8/3/2015,28.947515,11,2.5,2.7554,5.36179,0.234,0.55725,2.417675,3.4324,0.689
58,8/7/2015,28.947535,11,2.5,2.7554,5.36179,0.234,0.55725,2.417695,3.4324,0.689
59,8/10/2015,28.94945,11,2.5,2.7554,5.361805,0.235,0.5574,2.417695,3.43275,0.6894
60,8/14/2015,28.94945,11,2.5,2.7554,5.361805,0.235,0.5574,2.417695,3.43275,0.6894
61,8/17/2015,28.9506,11,2.5,2.7556,5.361805,0.235,0.55765,2.417695,3.433,0.68985
62,8/21/2015,28.9507,11,2.5,2.7556,5.361805,0.235,0.55775,2.417695,3.433,0.68985
63,8/24/2015,28.95274,11,2.5,2.7556,5.361825,0.2365,0.55775,2.417715,3.4333,0.69005
64,8/28/2015,28.95299,11,2.5,2.7556,5.361825,0.2365,0.558,2.417715,3.4333,0.69005
65,9/4/2015,28.954265,11,2.5,2.7558,5.361825,0.2365,0.558,2.41774,3.4335,0.6909
66,9/7/2015,28.954515,11,2.5,2.7558,5.361825,0.2365,0.55825,2.41774,3.4335,0.6909
67,9/11/2015,28.95688,11,2.5,2.7558,5.36184,0.238,0.55825,2.41774,3.43375,0.6915
68,9/14/2015,28.95708,11,2.5,2.7558,5.36184,0.238,0.55845,2.41774,3.43375,0.6915
69,9/18/2015,28.957965,11,2.5,2.756,5.36184,0.238,0.55855,2.417775,3.434,0.6918
70,9/21/2015,28.957965,11,2.5,2.756,5.36184,0.238,0.55855,2.417775,3.434,0.6918
71,9/25/2015,28.95903,11,2.5,2.756,5.361855,0.238,0.5588,2.417825,3.4343,0.69225
72,9/28/2015,28.95903,11,2.5,2.756,5.361855,0.238,0.5588,2.417825,3.4343,0.69225
73,10/5/2015,28.96284,11,2.5,2.757,5.361865,0.24,0.55905,2.417825,3.4345,0.6926
74,10/9/2015,28.96284,11,2.5,2.757,5.361865,0.24,0.55905,2.417825,3.4345,0.6926
75,10/12/2015,28.96478,11,2.5,2.757,5.361865,0.241,0.5593,2.417865,3.43485,0.6929
76,10/16/2015,28.96478,11,2.5,2.757,5.361865,0.241,0.5593,2.417865,3.43485,0.6929
77,10/19/2015,28.968395,11,2.5,2.759,5.36188,0.241,0.5595,2.417865,3.43575,0.6934
78,10/23/2015,28.969995,11,2.5,2.759,5.36188,0.2425,0.5596,2.417865,3.43575,0.6934
79,10/26/2015,28.970755,11,2.5,2.759,5.361865,0.2425,0.5596,2.41794,3.4361,0.69375
80,10/30/2015,28.971055,11,2.5,2.759,5.361865,0.2425,0.5599,2.41794,3.4361,0.69375
81,11/2/2015,28.973885,11,2.5,2.761,5.361875,0.2425,0.5599,2.41796,3.4365,0.69415
82,11/6/2015,28.976035,11,2.5,2.761,5.361875,0.2445,0.56005,2.41796,3.4365,0.69415
83,11/9/2015,28.977015,11,2.5,2.761,5.361875,0.2445,0.56005,2.41799,3.43675,0.69485
84,11/13/2015,28.977415,11,2.5,2.761,5.361875,0.2445,0.56045,2.41799,3.43675,0.69485
85,11/16/2015,28.97988,11,2.5,2.7625,5.361875,0.2445,0.56045,2.418005,3.437,0.69555
86,11/20/2015,28.981695,11,2.5,2.7625,5.36189,0.246,0.56075,2.418005,3.437,0.69555
87,11/23/2015,29.482505,11.5,2.5,2.7625,5.36189,0.246,0.56075,2.418065,3.4373,0.696
88,11/27/2015,29.482755,11.5,2.5,2.7625,5.36189,0.246,0.561,2.418065,3.4373,0.696
89,12/3/2015,29.484905,11.5,2.5,2.764,5.361905,0.246,0.561,2.4181,3.43765,0.69625
90,12/7/2015,29.485055,11.5,2.5,2.764,5.361905,0.246,0.56115,2.4181,3.43765,0.69625
91,12/11/2015,29.48873,11.5,2.5,2.764,5.361905,0.249,0.56115,2.418125,3.4379,0.69665
92,12/14/2015,29.48898,11.5,2.5,2.764,5.361905,0.249,0.5614,2.418125,3.4379,0.69665
93,12/18/2015,29.489694,11.5,2.5,2.764,5.361915,0.249,0.5614,2.418129,3.43815,0.6971
94,12/21/2015,29.489694,11.5,2.5,2.764,5.361915,0.249,0.5614,2.418129,3.43815,0.6971
95,12/25/2015,29.489994,11.5,2.5,2.764,5.361915,0.249,0.5614,2.418129,3.43815,0.6974
96,12/28/2015,29.489994,11.5,2.5,2.764,5.361915,0.249,0.5614,2.418129,3.43815,0.6974
98,1/4/2016,29.7821,10,2.5,2.90765,5.74907,0.2125,1.0729,2.78198,3.8314,0.7266
99,1/8/2016,29.7973,10,2.5,2.90765,5.74927,0.2275,1.0729,2.78198,3.8314,0.7266
100,1/11/2016,29.7926,10,2.5,2.9079,5.74932,0.2225,1.0729,2.78198,3.8314,0.7266
101,1/15/2016,29.79757,10,2.5,2.90785,5.74934,0.2275,1.0729,2.78198,3.8314,0.7266
102,1/18/2016,29.7838,10,2.5,2.92285,5.64857,0.2275,1.1244,2.83798,3.7814,0.7411
103,1/22/2016,29.7888,10,2.5,2.92285,5.64857,0.2275,1.1244,2.83798,3.7864,0.7411
104,1/25/2016,29.7368,10,2.5,2.92285,5.66357,0.1925,1.1279,2.75748,3.8364,0.7361
105,1/29/2016,29.7388,10,2.5,2.92285,5.66357,0.1925,1.1279,2.75748,3.8379,0.7366
106,2/1/2016,29.6673,10,2.5,2.92785,5.76357,0.1925,1.0629,2.70748,3.7714,0.7416
107,2/5/2016,29.6672,10,2.5,2.92775,5.76357,0.1925,1.0629,2.70748,3.7714,0.7416
108,2/8/2016,29.6808,10,2.5,2.92285,5.77857,0.19,1.0629,2.70798,3.7764,0.7421
109,2/12/2016,30.1838,10,3,2.92285,5.77857,0.1925,1.0629,2.70798,3.7764,0.7426
110,2/15/2016,29.6993,10,2.5,2.92615,5.81377,0.191,1.0624,2.70748,3.7769,0.7216
111,2/19/2016,29.70327,10,2.5,2.92765,5.81397,0.1955,1.06275,2.7074,3.7794,0.7166
112,2/22/2016,29.71047,10,2.5,2.92925,5.81402,0.1905,1.06275,2.7124,3.7775,0.72405
113,2/26/2016,29.71182,10,2.5,2.92925,5.81357,0.1925,1.06475,2.7117,3.771,0.72905
114,3/1/2016,29.81537,10,2.5,2.9185,5.91457,0.1965,1.0636,2.7117,3.782,0.7285
115,3/7/2016,29.82052,10,2.5,2.92375,5.91412,0.1975,1.06345,2.7112,3.772,0.7385
116,3/11/2016,30.79402,10.5,3,2.89875,5.91262,0.1975,1.06345,2.7112,3.772,0.7385
117,3/14/2016,30.79402,10.5,3,2.89875,5.91262,0.1975,1.06345,2.7112,3.772,0.7385
118,3/18/2016,30.02512,10.5,2.5,2.87975,5.46412,0.206,1.07345,2.7412,3.8721,0.7885
119,3/21/2016,30.03022,10.5,2.5,2.87975,5.46412,0.206,1.07345,2.7412,3.8721,0.7936
120,3/25/2016,30.03012,10.5,2.5,2.88475,5.46377,0.211,1.07845,2.7312,3.8671,0.79385
121,3/28/2016,30.06462,10.5,2.5,2.88275,5.45962,0.216,1.06945,2.7262,3.9221,0.7885
123,4/4/2016,30.0886,10,2.5,2.90915,5.84907,0.2125,1.0779,2.83198,3.9314,0.7766
124,4/8/2016,30.0096,10,2.5,2.95915,5.64907,0.2275,1.1279,2.83798,3.9314,0.7766
125,4/11/2016,29.96907,10,2.5,2.94915,5.64857,0.2225,1.1279,2.83795,3.9214,0.7616
126,4/15/2016,29.96465,10,2.5,2.94415,5.64857,0.2275,1.1244,2.83798,3.92105,0.761
127,4/18/2016,29.97965,10,2.5,2.95915,5.64857,0.2275,1.1244,2.83798,3.92105,0.761
128,4/22/2016,29.97965,10,2.5,2.95915,5.64857,0.2275,1.1244,2.83798,3.92105,0.761
129,4/25/2016,29.2981,10,2.5,2.80865,5.41357,0.1925,1.1279,2.70748,3.7714,0.7766
130,4/29/2016,29.2981,10,2.5,2.80865,5.41357,0.1925,1.1279,2.70748,3.7714,0.7766
131,5/2/2016,28.6481,10,2.5,2.80865,4.91357,0.1925,1.0629,2.70748,3.7714,0.6916
132,5/6/2016,28.6481,10,2.5,2.80865,4.91357,0.1925,1.0629,2.70748,3.7714,0.6916
133,5/9/2016,28.6783,10,2.5,2.80515,4.91377,0.19,1.0629,2.70798,3.7764,0.7221
134,5/13/2016,29.18405,10,3,2.80765,4.91402,0.1925,1.0629,2.70798,3.7764,0.7226
135,5/16/2016,28.6843,10,2.5,2.81115,4.91377,0.191,1.0624,2.70748,3.7769,0.7216
136,5/20/2016,28.68827,10,2.5,2.81265,4.91397,0.1955,1.06275,2.7074,3.7794,0.7166
137,5/23/2016,28.69547,10,2.5,2.81425,4.91402,0.1905,1.06275,2.7124,3.7775,0.72405
138,5/27/2016,28.70182,10,2.5,2.81925,4.91357,0.1925,1.06475,2.7117,3.771,0.72905
139,6/2/2016,28.71037,10,2.5,2.8185,4.91457,0.1915,1.0636,2.7117,3.782,0.7285
140,6/6/2016,29.21052,10.5,2.5,2.82375,4.91412,0.1875,1.06345,2.7112,3.772,0.7385
141,6/10/2016,29.71052,10.5,3,2.82375,4.91412,0.1875,1.06345,2.7112,3.772,0.7385
142,6/13/2016,29.21052,10.5,2.5,2.82375,4.91412,0.1875,1.06345,2.7112,3.772,0.7385
143,6/17/2016,30.02512,10.5,2.5,2.87975,5.46412,0.206,1.07345,2.7412,3.8721,0.7885
144,6/20/2016,30.03022,10.5,2.5,2.87975,5.46412,0.206,1.07345,2.7412,3.8721,0.7936
145,6/24/2016,30.03012,10.5,2.5,2.88475,5.46377,0.211,1.07845,2.7312,3.8671,0.79385
146,6/27/2016,30.06462,10.5,2.5,2.88275,5.45962,0.216,1.06945,2.7262,3.9221,0.7885
147,7/4/2016,30.06912,10.5,2.5,2.8798,5.46422,0.206,1.07345,2.73105,3.9261,0.7885
148,7/8/2016,30.06912,10.5,2.5,2.8798,5.46422,0.206,1.07345,2.73105,3.9261,0.7885
149,7/11/2016,30.17312,10.5,2.5,2.9098,5.46922,0.226,1.07445,2.73405,3.9211,0.8385
150,7/15/2016,30.17312,10.5,2.5,2.9098,5.46922,0.226,1.07445,2.73405,3.9211,0.8385
151,7/18/2016,30.17312,10.5,2.5,2.9098,5.46922,0.226,1.07445,2.73405,3.9211,0.8385
152,7/22/2016,30.17312,10.5,2.5,2.9098,5.46922,0.226,1.07445,2.73405,3.9211,0.8385
153,7/25/2016,30.50762,10.5,2.5,2.9746,5.61922,0.241,1.09445,2.7436,3.94125,0.8935
154,7/29/2016,30.54872,10.5,2.5,2.9758,5.66927,0.226,1.094,2.74405,3.9411,0.8985
155,8/1/2016,30.54282,10.5,2.5,2.9808,5.66922,0.246,1.07445,2.74475,3.9391,0.8885
156,8/5/2016,30.57112,10.5,2.5,2.9898,5.71922,0.234,1.07945,2.78405,3.9261,0.8385
157,8/8/2016,30.73112,10.5,2.5,3.0098,5.81622,0.244,1.12945,2.78755,3.9306,0.8135
158,8/12/2016,30.76162,10.5,2.5,3.0898,5.71722,0.239,1.07945,2.85905,3.9511,0.826
159,8/15/2016,30.79277,10.5,2.5,3.0298,5.76922,0.2375,1.0841,2.86105,3.9551,0.856
160,8/19/2016,30.88332,10.5,2.5,3.06125,5.81962,0.236,1.0836,2.86575,3.9561,0.861
161,8/22/2016,30.87532,10.5,2.5,3.06625,5.82462,0.231,1.0841,2.87075,3.9576,0.841
162,8/26/2016,30.88838,10.5,2.5,3.06675,5.82463,0.2305,1.08465,2.87275,3.9626,0.8465
163,9/5/2016,30.897005,10.5,2.5,3.0666,5.824605,0.2325,1.0851,2.8751,3.9656,0.8475
164,9/9/2016,30.913805,10.5,2.5,3.0701,5.824905,0.236,1.0866,2.8761,3.9676,0.8525
165,9/12/2016,30.930905,10.5,2.5,3.0726,5.825405,0.237,1.0901,2.8752,3.9681,0.8625
166,9/16/2016,30.913805,10.5,2.5,3.0701,5.824905,0.236,1.0866,2.8761,3.9676,0.8525
167,9/19/2016,30.923905,10.5,2.5,3.0716,5.826405,0.2405,1.0891,2.8762,3.9676,0.8525
168,9/23/2016,30.946355,10.5,2.5,3.0701,5.824955,0.236,1.0866,2.8801,3.9711,0.8775
169,9/26/2016,31.221355,10.5,2.5,3.2201,5.924955,0.261,1.0866,2.8801,3.9711,0.8775
170,9/30/2016,31.551355,10.5,2.5,3.2951,6.174955,0.261,1.0866,2.8851,3.9711,0.8775
171,10/3/2016,32.53542,11,2.5,3.32275,6.46912,0.2675,1.2781,2.89275,3.9711,0.8341
172,10/7/2016,32.54042,11,2.5,3.32275,6.46912,0.2675,1.2781,2.89275,3.9761,0.8341
173,10/10/2016,32.52107,11,2.5,3.31675,6.46877,0.266,1.2781,2.89125,3.9661,0.8341
174,10/14/2016,32.52107,11,2.5,3.31675,6.46877,0.266,1.2781,2.89125,3.9661,0.8341
175,10/17/2016,32.52092,11,2.5,3.3166,6.46877,0.266,1.2781,2.89125,3.9661,0.8341
176,10/21/2016,32.52082,11,2.5,3.3165,6.46877,0.266,1.2781,2.89125,3.9661,0.8341
177,10/24/2016,32.27047,11,2.5,3.2665,6.26877,0.266,1.2781,2.89125,3.9661,0.83375
178,10/28/2016,32.27047,11,2.5,3.2665,6.26877,0.266,1.2781,2.89125,3.9661,0.83375
179,11/2/2016,32.21012,11,2.5,3.27975,6.26412,0.241,1.32345,2.8412,3.9221,0.8385
180,11/7/2016,32.21012,11,2.5,3.27975,6.26412,0.241,1.32345,2.8412,3.9221,0.8385
181,11/11/2016,32.20387,11,2.5,3.2775,6.26262,0.241,1.32345,2.8412,3.9221,0.836
182,11/14/2016,32.20367,11,2.5,3.2775,6.26262,0.241,1.32325,2.8412,3.9221,0.836
183,11/18/2016,32.05867,11,2.5,3.1775,6.26262,0.246,1.27325,2.8412,3.9221,0.836
184,11/21/2016,32.05817,11,2.5,3.1775,6.26262,0.246,1.27325,2.8407,3.9221,0.836
185,11/25/2016,32.01817,11,2.5,3.1375,6.26262,0.246,1.27325,2.8407,3.9221,0.836
186,11/28/2016,32.01867,11,2.5,3.1375,6.26262,0.246,1.27325,2.8412,3.9221,0.836
187,12/5/2016,31.94467,11,2.5,3.0925,6.27762,0.246,1.22425,2.8412,3.9221,0.841
188,12/9/2016,31.94467,11,2.5,3.0925,6.27762,0.246,1.22425,2.8412,3.9221,0.841
189,12/12/2016,31.82877,11,2.5,3.0625,6.30762,0.246,1.17275,2.8412,3.9221,0.7766
190,12/16/2016,31.82877,11,2.5,3.0625,6.30762,0.246,1.17275,2.8412,3.9221,0.7766
191,12/19/2016,31.7886,11,2.5,3.00915,6.34907,0.2625,1.0779,2.88198,3.9314,0.7766
192,12/23/2016,31.7886,11,2.5,3.00915,6.34907,0.2625,1.0779,2.88198,3.9314,0.7766
193,12/26/2016,31.7131,11,2.5,3.02915,6.26907,0.2575,1.0779,2.88198,3.9259,0.7716
194,12/30/2016,31.7131,11,2.5,3.02915,6.26907,0.2575,1.0779,2.88198,3.9259,0.7716
195,1/2/2017,31.6322,11,2.5,3.04415,6.16907,0.2575,1.077,2.88198,3.9259,0.7766
196,1/6/2017,31.6322,11,2.5,3.04415,6.16907,0.2575,1.077,2.88198,3.9259,0.7766
197,1/9/2017,31.5942,11,2.5,3.00615,6.16907,0.2575,1.077,2.88198,3.9259,0.7766
198,1/13/2017,31.5892,11,2.5,3.00615,6.16407,0.2575,1.077,2.88198,3.9259,0.7766
199,1/16/2017,31.4036,11,2.5,2.90915,6.16407,0.2125,1.0779,2.83198,3.9314,0.7766
200,1/20/2017,31.4036,11,2.5,2.90915,6.16407,0.2125,1.0779,2.83198,3.9314,0.7766
201,1/23/2017,31.4036,11,2.5,2.90915,6.16407,0.2125,1.0779,2.83198,3.9314,0.7766
202,1/27/2017,31.1736,11,2.5,2.90915,5.93907,0.2125,1.0779,2.83198,3.9314,0.7716
203,2/2/2017,31.11707,11,2.5,2.87475,5.93907,0.226,1.07345,2.7412,3.9741,0.7885
204,2/6/2017,31.11707,11,2.5,2.87475,5.93907,0.226,1.07345,2.7412,3.9741,0.7885
205,2/10/2017,31.09457,11,2.5,2.87975,5.93907,0.226,1.07395,2.7412,3.9741,0.7605
206,2/13/2017,31.09457,11,2.5,2.87975,5.93907,0.226,1.07395,2.7412,3.9741,0.7605
207,2/17/2017,30.55112,11,2.5,2.88075,5.46412,0.206,1.07345,2.7412,3.8721,0.8135
208,2/20/2017,30.55112,11,2.5,2.88075,5.46412,0.206,1.07345,2.7412,3.8721,0.8135
209,2/24/2017,31.5886,11.5,2.5,2.90915,5.84907,0.2125,1.0779,2.83198,3.9314,0.7766
210,2/27/2017,31.5886,11.5,2.5,2.90915,5.84907,0.2125,1.0779,2.83198,3.9314,0.7766
211,3/6/2017,31.57112,11.5,2.5,2.9898,5.71922,0.234,1.07945,2.78405,3.9261,0.8385
212,3/10/2017,31.57112,11.5,2.5,2.9898,5.71922,0.234,1.07945,2.78405,3.9261,0.8385
213,3/13/2017,31.55402,11.5,2.5,2.9913,5.77062,0.229,1.07945,2.78405,3.9261,0.7735
214,3/17/2017,31.62052,11.5,2.5,2.9913,5.77562,0.229,1.07945,2.78405,3.9226,0.8385
215,3/20/2017,31.66102,11.5,2.5,3.0413,5.82562,0.229,1.08145,2.78405,3.9261,0.7735
216,3/24/2017,31.72267,11.5,2.5,3.0413,5.82577,0.229,1.08145,2.78405,3.9226,0.8385
217,3/27/2017,31.72902,11.5,2.5,3.0913,5.82062,0.239,1.07945,2.79405,3.9311,0.7735
218,3/31/2017,31.74052,11.5,2.5,3.0913,5.77062,0.239,1.07945,2.79405,3.9276,0.8385
220,4/3/2017,30.06912,10.5,2.5,2.8798,5.46422,0.206,1.07345,2.73105,3.9261,0.7885
221,4/7/2017,30.06912,10.5,2.5,2.8798,5.46422,0.206,1.07345,2.73105,3.9261,0.7885
222,4/10/2017,30.17312,10.5,2.5,2.9098,5.46922,0.226,1.07445,2.73405,3.9211,0.8385
223,4/14/2017,30.17312,10.5,2.5,2.9098,5.46922,0.226,1.07445,2.73405,3.9211,0.8385
224,4/17/2017,30.17312,10.5,2.5,2.9098,5.46922,0.226,1.07445,2.73405,3.9211,0.8385
225,4/21/2017,30.17312,10.5,2.5,2.9098,5.46922,0.226,1.07445,2.73405,3.9211,0.8385
226,4/24/2017,30.30012,10.5,2.5,2.9746,5.56172,0.236,1.07945,2.7436,3.91125,0.7935
227,4/28/2017,30.31122,10.5,2.5,2.9758,5.56677,0.236,1.079,2.74405,3.9111,0.7985
228,5/1/2017,30.44282,10.5,2.5,2.9808,5.66922,0.246,1.07445,2.74475,3.9391,0.7885
229,5/5/2017,30.49812,10.5,2.5,2.9813,5.71922,0.2455,1.07945,2.74455,3.9396,0.7885
230,5/8/2017,30.54702,10.5,2.5,2.9898,5.71962,0.244,1.07945,2.78755,3.9306,0.796
231,5/12/2017,30.61402,10.5,2.5,2.9898,5.71962,0.239,1.07945,2.85905,3.9311,0.796
232,5/15/2017,30.68777,10.5,2.5,2.9748,5.76922,0.2375,1.0841,2.86105,3.9051,0.856
233,5/19/2017,30.69237,10.5,2.5,2.9748,5.76962,0.236,1.0836,2.86125,3.9061,0.861
234,5/22/2017,30.73387,10.5,2.5,2.9748,5.82462,0.231,1.0841,2.87075,3.9076,0.841
235,5/26/2017,30.73993,10.5,2.5,2.9748,5.82463,0.2305,1.08415,2.87175,3.9076,0.8465
236,6/5/2017,30.797005,10.5,2.5,3.0166,5.824605,0.2325,1.0851,2.8751,3.9156,0.8475
237,6/9/2017,30.807005,10.5,2.5,3.0171,5.824605,0.236,1.0851,2.8761,3.9156,0.8525
238,6/12/2017,30.880905,10.5,2.5,3.0226,5.825405,0.237,1.0901,2.8752,3.9681,0.8625
239,6/16/2017,30.866455,10.5,2.5,3.02275,5.824905,0.236,1.0866,2.8761,3.9676,0.8525
240,6/19/2017,30.883905,10.5,2.5,3.0316,5.826405,0.2405,1.0891,2.8762,3.9676,0.8525
241,6/23/2017,30.907355,10.5,2.5,3.0311,5.824955,0.236,1.0866,2.8801,3.9711,0.8775
242,6/26/2017,30.932355,10.5,2.5,3.0311,5.824955,0.261,1.0866,2.8801,3.9711,0.8775
243,6/30/2017,30.957855,10.5,2.5,3.0316,5.844955,0.261,1.0866,2.8851,3.9711,0.8775
244,7/3/2017,30.78542,10.515,2.5,2.99275,5.76412,0.2675,1.0481,2.89275,3.9711,0.8341
245,7/7/2017,30.79042,10.515,2.5,2.99275,5.76412,0.2675,1.0481,2.89275,3.9761,0.8341
246,7/10/2017,30.77837,10.515,2.5,2.99275,5.76412,0.266,1.04905,2.89125,3.9661,0.8341
247,7/14/2017,30.77837,10.515,2.5,2.99275,5.76412,0.266,1.04905,2.89125,3.9661,0.8341
248,7/17/2017,30.78242,10.515,2.5,2.99275,5.76412,0.266,1.0531,2.89125,3.9661,0.8341
249,7/21/2017,30.78242,10.515,2.5,2.99275,5.76412,0.266,1.0531,2.89125,3.9661,0.8341
250,7/24/2017,30.77957,10.515,2.5,2.99275,5.76412,0.266,1.0506,2.89125,3.9661,0.83375
251,7/28/2017,30.77957,10.515,2.5,2.99275,5.76412,0.266,1.0506,2.89125,3.9661,0.83375
252,8/1/2017,30.82012,10.65,2.5,3.00975,5.76412,0.241,1.05345,2.8412,3.9221,0.8385
253,8/7/2017,30.81962,10.65,2.5,3.00925,5.76412,0.241,1.05345,2.8412,3.9221,0.8385
254,8/11/2017,30.81577,10.65,2.5,3.00975,5.76427,0.241,1.05145,2.8412,3.9221,0.836
255,8/14/2017,30.81577,10.65,2.5,3.00975,5.76427,0.241,1.05145,2.8412,3.9221,0.836
256,8/18/2017,30.82227,10.65,2.5,3.00975,5.76427,0.246,1.05295,2.8412,3.9221,0.836
257,8/21/2017,30.82227,10.65,2.5,3.00975,5.76427,0.246,1.05345,2.8407,3.9221,0.836
258,8/25/2017,30.82377,10.65,2.5,3.01025,5.76427,0.246,1.05445,2.8407,3.9221,0.836
259,8/28/2017,30.82422,10.65,2.5,3.0102,5.76427,0.246,1.05445,2.8412,3.9221,0.836
260,9/4/2017,31.11467,10.75,2.5,3.0125,5.77762,0.246,1.22425,2.8412,3.9221,0.841
261,9/8/2017,31.11467,10.75,2.5,3.0125,5.77762,0.246,1.22425,2.8412,3.9221,0.841
262,9/11/2017,31.04377,10.75,2.5,3.0275,5.80762,0.246,1.17275,2.8412,3.9221,0.7766
263,9/15/2017,31.04377,10.75,2.5,3.0275,5.80762,0.246,1.17275,2.8412,3.9221,0.7766
264,9/18/2017,30.9345,10.75,2.5,3.0265,5.75762,0.2625,1.0779,2.85198,3.9314,0.7766
265,9/22/2017,30.9345,10.75,2.5,3.0265,5.75762,0.2625,1.0779,2.85198,3.9314,0.7766
266,9/25/2017,30.92,10.75,2.5,3.0275,5.75762,0.2575,1.0779,2.85198,3.9259,0.7716
267,9/29/2017,30.92,10.75,2.5,3.0275,5.75762,0.2575,1.0779,2.85198,3.9259,0.7716
268,10/2/2017,30.8822,10.75,2.5,3.04415,5.66907,0.2575,1.077,2.88198,3.9259,0.7766
269,10/6/2017,30.8822,10.75,2.5,3.04415,5.66907,0.2575,1.077,2.88198,3.9259,0.7766
270,10/9/2017,30.9412,10.75,2.5,3.00615,5.76607,0.2575,1.077,2.88198,3.9259,0.7766
271,10/13/2017,30.9412,10.75,2.5,3.00615,5.76607,0.2575,1.077,2.88198,3.9259,0.7766
272,10/16/2017,30.6536,10.75,2.5,2.90915,5.66407,0.2125,1.0779,2.83198,3.9314,0.7766
273,10/20/2017,30.6536,10.75,2.5,2.90915,5.66407,0.2125,1.0779,2.83198,3.9314,0.7766
274,10/23/2017,30.6536,10.75,2.5,2.90915,5.66407,0.2125,1.0779,2.83198,3.9314,0.7766
275,10/27/2017,30.6486,10.75,2.5,2.90915,5.66407,0.2125,1.0779,2.83198,3.9314,0.7716
276,11/1/2017,31.11707,11,2.5,2.87475,5.93907,0.226,1.07345,2.7412,3.9741,0.7885
277,11/6/2017,31.11707,11,2.5,2.87475,5.93907,0.226,1.07345,2.7412,3.9741,0.7885
278,11/10/2017,31.09457,11,2.5,2.87975,5.93907,0.226,1.07395,2.7412,3.9741,0.7605
279,11/13/2017,31.09457,11,2.5,2.87975,5.93907,0.226,1.07395,2.7412,3.9741,0.7605
280,11/17/2017,31.118412,11,2.5,2.88075,5.931412,0.206,1.07345,2.7412,3.9721,0.8135
281,11/20/2017,31.118412,11,2.5,2.88075,5.931412,0.206,1.07345,2.7412,3.9721,0.8135
282,11/24/2017,31.5886,11.5,2.5,2.90915,5.84907,0.2125,1.0779,2.83198,3.9314,0.7766
283,11/27/2017,31.5886,11.5,2.5,2.90915,5.84907,0.2125,1.0779,2.83198,3.9314,0.7766
284,12/4/2017,31.57112,11.5,2.5,2.9898,5.71922,0.234,1.07945,2.78405,3.9261,0.8385
285,12/8/2017,31.57112,11.5,2.5,2.9898,5.71922,0.234,1.07945,2.78405,3.9261,0.8385
286,12/11/2017,31.55402,11.5,2.5,2.9913,5.77062,0.229,1.07945,2.78405,3.9261,0.7735
287,12/15/2017,31.62052,11.5,2.5,2.9913,5.77562,0.229,1.07945,2.78405,3.9226,0.8385
288,12/18/2017,31.66102,11.5,2.5,3.0413,5.82562,0.229,1.08145,2.78405,3.9261,0.7735
289,12/22/2017,31.72267,11.5,2.5,3.0413,5.82577,0.229,1.08145,2.78405,3.9226,0.8385
290,12/25/2017,31.72902,11.5,2.5,3.0913,5.82062,0.239,1.07945,2.79405,3.9311,0.7735
291,12/29/2017,31.74052,11.5,2.5,3.0913,5.77062,0.239,1.07945,2.79405,3.9276,0.8385
293,1/1/2018,31.07112,11,2.5,2.9898,5.71922,0.234,1.07945,2.78405,3.9261,0.8385
294,1/5/2018,31.07112,11,2.5,2.9898,5.71922,0.234,1.07945,2.78405,3.9261,0.8385
295,1/8/2018,31.05402,11,2.5,2.9913,5.77062,0.229,1.07945,2.78405,3.9261,0.7735
296,1/12/2018,31.05302,11,2.5,2.9913,5.77562,0.229,1.07945,2.78405,3.9226,0.771
297,1/15/2018,31.11102,11,2.5,3.0413,5.77562,0.229,1.08145,2.78405,3.9261,0.7735
298,1/19/2018,31.10767,11,2.5,3.0413,5.77577,0.229,1.08145,2.78405,3.9226,0.7735
299,1/22/2018,31.13432,11,2.5,3.0413,5.77092,0.239,1.07945,2.79405,3.9311,0.7785
300,1/26/2018,31.13082,11,2.5,3.0413,5.77092,0.239,1.07945,2.79405,3.9276,0.7785
301,2/1/2018,31.135975,11,2.5,3.0428,5.771075,0.239,1.07945,2.79405,3.9311,0.7785
302,2/5/2018,31.136475,11,2.5,3.0428,5.771075,0.239,1.07945,2.79405,3.9316,0.7785
303,2/9/2018,30.83675,11,2.5,3.0428,5.77857,0.226,1.0629,2.70798,3.7764,0.7421
304,2/12/2018,30.83725,11,2.5,3.0428,5.77857,0.226,1.0629,2.70798,3.7764,0.7426
305,2/16/2018,31.2493,11,3,2.97615,5.81377,0.191,1.0624,2.70748,3.7769,0.7216
306,2/19/2018,31.25177,11,3,2.97615,5.81397,0.1955,1.06275,2.7074,3.7794,0.7166
307,2/23/2018,31.25737,11,3,2.97615,5.81402,0.1905,1.06275,2.7124,3.7775,0.72405
308,2/26/2018,31.25872,11,3,2.97615,5.81357,0.1925,1.06475,2.7117,3.771,0.72905
309,3/5/2018,31.06537,10.75,3,2.9185,5.91457,0.1965,1.0636,2.7117,3.782,0.7285
310,3/9/2018,31.07052,10.75,3,2.92375,5.91412,0.1975,1.06345,2.7112,3.772,0.7385
311,3/12/2018,31.04402,10.75,3,2.89875,5.91262,0.1975,1.06345,2.7112,3.772,0.7385
312,3/16/2018,31.04402,10.75,3,2.89875,5.91262,0.1975,1.06345,2.7112,3.772,0.7385
313,3/19/2018,30.27512,10.75,2.5,2.87975,5.46412,0.206,1.07345,2.7412,3.8721,0.7885
314,3/23/2018,30.28022,10.75,2.5,2.87975,5.46412,0.206,1.07345,2.7412,3.8721,0.7936
315,3/26/2018,30.28012,10.75,2.5,2.88475,5.46377,0.211,1.07845,2.7312,3.8671,0.79385
316,3/30/2018,30.31462,10.75,2.5,2.88275,5.45962,0.216,1.06945,2.7262,3.9221,0.7885
317,4/2/2018,30.06912,10.5,2.5,2.8798,5.46422,0.206,1.07345,2.73105,3.9261,0.7885
318,4/6/2018,30.06912,10.5,2.5,2.8798,5.46422,0.206,1.07345,2.73105,3.9261,0.7885
319,4/9/2018,30.17312,10.5,2.5,2.9098,5.46922,0.226,1.07445,2.73405,3.9211,0.8385
320,4/13/2018,30.17312,10.5,2.5,2.9098,5.46922,0.226,1.07445,2.73405,3.9211,0.8385
321,4/16/2018,30.17312,10.5,2.5,2.9098,5.46922,0.226,1.07445,2.73405,3.9211,0.8385
322,4/20/2018,30.17312,10.5,2.5,2.9098,5.46922,0.226,1.07445,2.73405,3.9211,0.8385
323,4/23/2018,30.30012,10.5,2.5,2.9746,5.56172,0.236,1.07945,2.7436,3.91125,0.7935
324,4/27/2018,30.31122,10.5,2.5,2.9758,5.56677,0.236,1.079,2.74405,3.9111,0.7985
325,5/2/2018,30.44282,10.5,2.5,2.9808,5.66922,0.246,1.07445,2.74475,3.9391,0.7885
326,5/7/2018,30.49812,10.5,2.5,2.9813,5.71922,0.2455,1.07945,2.74455,3.9396,0.7885
327,5/11/2018,30.54702,10.5,2.5,2.9898,5.71962,0.244,1.07945,2.78755,3.9306,0.796
328,5/14/2018,30.61402,10.5,2.5,2.9898,5.71962,0.239,1.07945,2.85905,3.9311,0.796
329,5/18/2018,30.68777,10.5,2.5,2.9748,5.76922,0.2375,1.0841,2.86105,3.9051,0.856
330,5/21/2018,30.69237,10.5,2.5,2.9748,5.76962,0.236,1.0836,2.86125,3.9061,0.861
331,5/25/2018,30.73387,10.5,2.5,2.9748,5.82462,0.231,1.0841,2.87075,3.9076,0.841
332,5/28/2018,30.73993,10.5,2.5,2.9748,5.82463,0.2305,1.08415,2.87175,3.9076,0.8465
333,6/4/2018,30.797005,10.5,2.5,3.0166,5.824605,0.2325,1.0851,2.8751,3.9156,0.8475
334,6/8/2018,30.807005,10.5,2.5,3.0171,5.824605,0.236,1.0851,2.8761,3.9156,0.8525
335,6/11/2018,30.880905,10.5,2.5,3.0226,5.825405,0.237,1.0901,2.8752,3.9681,0.8625
336,6/15/2018,30.866455,10.5,2.5,3.02275,5.824905,0.236,1.0866,2.8761,3.9676,0.8525
337,6/18/2018,30.883905,10.5,2.5,3.0316,5.826405,0.2405,1.0891,2.8762,3.9676,0.8525
338,6/22/2018,30.907355,10.5,2.5,3.0311,5.824955,0.236,1.0866,2.8801,3.9711,0.8775
339,6/25/2018,30.932355,10.5,2.5,3.0311,5.824955,0.261,1.0866,2.8801,3.9711,0.8775
340,6/29/2018,30.957855,10.5,2.5,3.0316,5.844955,0.261,1.0866,2.8851,3.9711,0.8775
341,7/2/2018,31.03542,10.765,2.5,2.99275,5.76412,0.2675,1.0481,2.89275,3.9711,0.8341
342,7/6/2018,31.04042,10.765,2.5,2.99275,5.76412,0.2675,1.0481,2.89275,3.9761,0.8341
343,7/9/2018,31.02837,10.765,2.5,2.99275,5.76412,0.266,1.04905,2.89125,3.9661,0.8341
344,7/13/2018,31.02837,10.765,2.5,2.99275,5.76412,0.266,1.04905,2.89125,3.9661,0.8341
345,7/16/2018,31.03242,10.765,2.5,2.99275,5.76412,0.266,1.0531,2.89125,3.9661,0.8341
346,7/20/2018,31.03242,10.765,2.5,2.99275,5.76412,0.266,1.0531,2.89125,3.9661,0.8341
347,7/23/2018,31.02957,10.765,2.5,2.99275,5.76412,0.266,1.0506,2.89125,3.9661,0.83375
348,7/27/2018,31.02957,10.765,2.5,2.99275,5.76412,0.266,1.0506,2.89125,3.9661,0.83375
349,8/6/2018,31.07212,10.765,2.5,3.00975,5.76412,0.2765,1.05345,2.8927,3.9721,0.8385
350,8/10/2018,31.07162,10.765,2.5,3.00925,5.76412,0.2765,1.05345,2.8927,3.9721,0.8385
351,8/13/2018,31.06627,10.765,2.5,3.00975,5.76427,0.2765,1.05145,2.8912,3.9721,0.836
352,8/17/2018,31.06627,10.765,2.5,3.00975,5.76427,0.2765,1.05145,2.8912,3.9721,0.836
353,8/20/2018,31.06777,10.765,2.5,3.00975,5.76427,0.2765,1.05295,2.8912,3.9721,0.836
354,8/24/2018,31.06827,10.765,2.5,3.00975,5.76427,0.2765,1.05345,2.8912,3.9721,0.836
355,8/27/2018,31.06977,10.765,2.5,3.01025,5.76427,0.2765,1.05445,2.8912,3.9721,0.836
356,8/31/2018,31.06972,10.765,2.5,3.0102,5.76427,0.2765,1.05445,2.8912,3.9721,0.836
357,9/3/2018,31.11467,10.75,2.5,3.0125,5.77762,0.246,1.22425,2.8412,3.9221,0.841
358,9/7/2018,31.11467,10.75,2.5,3.0125,5.77762,0.246,1.22425,2.8412,3.9221,0.841
359,9/10/2018,31.10877,10.75,2.5,3.0275,5.80762,0.246,1.17275,2.8412,3.9221,0.8416
360,9/14/2018,31.10877,10.75,2.5,3.0275,5.80762,0.246,1.17275,2.8412,3.9221,0.8416
361,9/17/2018,31.1545,10.75,2.5,3.0265,5.81262,0.2625,1.1779,2.85198,3.9314,0.8416
362,9/21/2018,31.1545,10.75,2.5,3.0265,5.81262,0.2625,1.1779,2.85198,3.9314,0.8416
363,9/24/2018,31.165,10.75,2.5,3.0275,5.82262,0.2675,1.1779,2.85198,3.9259,0.8416
364,9/28/2018,31.165,10.75,2.5,3.0275,5.82262,0.2675,1.1779,2.85198,3.9259,0.8416
365,10/1/2018,31.2222,10.75,2.5,3.04415,5.84407,0.2675,1.182,2.88198,3.9259,0.8266
366,10/5/2018,31.2172,10.75,2.5,3.04415,5.84407,0.2675,1.177,2.88198,3.9259,0.8266
367,10/8/2018,31.185912,10.75,2.5,3.00615,5.843782,0.2675,1.179,2.88198,3.9259,0.8316
368,10/12/2018,31.135912,10.75,2.5,3.00615,5.843782,0.2675,1.129,2.88198,3.9259,0.8316
369,10/15/2018,31.1372,10.75,2.5,3.00915,5.84407,0.2625,1.129,2.88448,3.9314,0.8266
370,10/19/2018,31.1372,10.75,2.5,3.00915,5.84407,0.2625,1.129,2.88448,3.9314,0.8266
371,10/22/2018,31.1422,10.75,2.5,3.00915,5.84407,0.2675,1.129,2.88448,3.9314,0.8266
372,10/26/2018,31.1422,10.75,2.5,3.00915,5.84407,0.2675,1.129,2.88448,3.9314,0.8266
373,11/3/2018,31.28207,10.75,2.5,3.07475,5.93907,0.261,1.09345,2.9012,3.9741,0.7885
374,11/9/2018,31.28207,10.75,2.5,3.07475,5.93907,0.261,1.09345,2.9012,3.9741,0.7885
375,11/12/2018,31.25057,10.75,2.5,3.06975,5.93907,0.2625,1.09395,2.9007,3.9741,0.7605
376,11/16/2018,31.25057,10.75,2.5,3.06975,5.93907,0.2625,1.09395,2.9007,3.9741,0.7605
377,11/19/2018,31.295412,10.75,2.5,3.07125,5.931412,0.2625,1.09395,2.9007,3.9721,0.8135
378,11/23/2018,31.295412,10.75,2.5,3.07125,5.931412,0.2625,1.09395,2.9007,3.9721,0.8135
379,11/26/2018,31.13942,10.75,2.5,3.07125,5.84907,0.2625,1.0979,2.9007,3.9314,0.7766
380,11/30/2018,31.13942,10.75,2.5,3.07125,5.84907,0.2625,1.0979,2.9007,3.9314,0.7766
381,12/3/2018,31.25262,10.75,2.5,3.0898,5.86922,0.264,1.09945,2.90905,3.9326,0.8385
382,12/7/2018,31.25262,10.75,2.5,3.0898,5.86922,0.264,1.09945,2.90905,3.9326,0.8385
383,12/10/2018,31.18912,10.75,2.5,3.0898,5.86922,0.264,1.09945,2.90905,3.9341,0.7735
384,12/14/2018,31.20412,10.75,2.5,3.0898,5.86922,0.264,1.09945,2.90905,3.9341,0.7885
385,12/17/2018,31.2211,10.75,2.5,3.0898,5.8512,0.264,1.09945,2.90905,3.9341,0.8235
386,12/21/2018,31.2211,10.75,2.5,3.0898,5.8512,0.264,1.09945,2.90905,3.9341,0.8235
387,12/24/2018,31.2226,10.75,2.5,3.0913,5.8512,0.264,1.09945,2.90905,3.9341,0.8235
388,12/28/2018,31.2226,10.75,2.5,3.0913,5.8512,0.264,1.09945,2.90905,3.9341,0.8235
390,1/1/2019,31.73865,11.5,2.5,3.08975,5.7706,0.239,1.079,2.79405,3.92775,0.8385
391,1/5/2019,31.73865,11.5,2.5,3.08975,5.7706,0.239,1.079,2.79405,3.92775,0.8385
392,1/7/2019,31.74277,11.5,2.5,3.0899,5.77062,0.239,1.07945,2.7944,3.9279,0.8415
393,1/11/2019,31.74287,11.5,2.5,3.09,5.77062,0.239,1.07945,2.7944,3.9279,0.8415
394,1/14/2019,31.74489,11.5,2.5,3.09,5.77064,0.241,1.07945,2.7944,3.9279,0.8415
395,1/18/2019,31.74479,11.5,2.5,3.09,5.77064,0.241,1.07935,2.7944,3.9279,0.8415
396,1/21/2019,31.74959,11.5,2.5,3.09,5.77064,0.24,1.0795,2.7948,3.92815,0.8465
397,1/25/2019,31.24959,11,2.5,3.09,5.77064,0.24,1.0795,2.7948,3.92815,0.8465
398,1/29/2019,31.25326,11,2.5,3.091,5.77066,0.2425,1.0798,2.7949,3.9279,0.8465
399,2/4/2019,31.25326,11,2.5,3.091,5.77066,0.2425,1.0798,2.7949,3.9279,0.8465
400,2/8/2019,31.250725,11,2.5,3.0905,5.770725,0.2425,1.0797,2.79505,3.92825,0.844
401,2/11/2019,31.750725,11,3,3.0905,5.770725,0.2425,1.0797,2.79505,3.92825,0.844
402,2/15/2019,31.254675,11,2.5,3.09075,5.770725,0.244,1.0799,2.7959,3.9284,0.845
403,2/18/2019,31.254325,11,2.5,3.09075,5.770725,0.244,1.07955,2.7959,3.9284,0.845
404,2/22/2019,31.26045,11,2.5,3.0913,5.77075,0.246,1.07955,2.79625,3.9286,0.848
405,2/27/2019,31.26035,11,2.5,3.0913,5.77075,0.246,1.07945,2.79625,3.9286,0.848
406,3/4/2019,31.26205,11,2.5,3.0913,5.7708,0.248,1.07945,2.79575,3.92875,0.848
407,3/8/2019,31.2618,11,2.5,3.091,5.7708,0.248,1.0795,2.79575,3.92875,0.848
408,3/11/2019,31.7636,11,3,3.091,5.7708,0.248,1.0795,2.79615,3.92815,0.85
409,3/15/2019,31.76375,11,3,3.091,5.7708,0.248,1.07965,2.79615,3.92815,0.85
410,3/18/2019,31.271375,11,2.5,3.0909,5.770825,0.25,1.07965,2.7965,3.9285,0.855
411,3/22/2019,31.271525,11,2.5,3.0909,5.770825,0.25,1.0798,2.7965,3.9285,0.855
412,3/25/2019,31.27564,11,2.5,3.0913,5.77084,0.25,1.0798,2.7968,3.9289,0.858
413,3/29/2019,31.27549,11,2.5,3.0913,5.77084,0.25,1.07965,2.7968,3.9289,0.858
414,4/1/2019,31.27351,11,2.5,3.0914,5.77076,0.248,1.07965,2.7971,3.9286,0.858
415,4/5/2019,31.27376,11,2.5,3.0914,5.77076,0.248,1.0799,2.7971,3.9286,0.858
416,4/8/2019,31.77956,11.5,2.5,3.0913,5.77076,0.248,1.08,2.79755,3.92895,0.863
417,4/12/2019,31.77956,11.5,2.5,3.0913,5.77076,0.248,1.08,2.79755,3.92895,0.863
418,4/15/2019,31.78574,11.5,2.5,3.0915,5.77074,0.2515,1.08025,2.7978,3.92895,0.865
419,4/19/2019,31.78574,11.5,2.5,3.0915,5.77074,0.2515,1.08025,2.7978,3.92895,0.865
420,4/22/2019,31.7908,11.5,2.5,3.0916,5.7708,0.254,1.0806,2.798,3.9293,0.8665
421,4/26/2019,31.7908,11.5,2.5,3.0916,5.7708,0.254,1.0806,2.798,3.9293,0.8665
422,5/2/2019,31.79284,11.5,2.5,3.0916,5.77084,0.256,1.081,2.7977,3.9292,0.8665
423,5/6/2019,31.29284,11,2.5,3.0916,5.77084,0.256,1.081,2.7977,3.9292,0.8665
424,5/10/2019,31.300825,11,2.5,3.0919,5.770875,0.261,1.0809,2.7977,3.92945,0.869
425,5/13/2019,31.300825,11,2.5,3.0919,5.770875,0.261,1.0809,2.7977,3.92945,0.869
426,5/17/2019,31.29331,11,2.5,3.0921,5.77091,0.249,1.0811,2.7981,3.9296,0.8725
427,5/20/2019,30.79336,10.5,2.5,3.0921,5.77091,0.249,1.08115,2.7981,3.9296,0.8725
428,5/24/2019,30.79446,10.5,2.5,3.0919,5.77091,0.244,1.08165,2.7984,3.9296,0.878
429,5/28/2019,30.79466,10.5,2.5,3.0919,5.77091,0.244,1.08165,2.7984,3.9298,0.878
430,6/3/2019,30.801625,10.5,2.5,3.09225,5.770975,0.2515,1.082,2.7986,3.9298,0.8765
431,6/7/2019,30.801975,10.5,2.5,3.09225,5.770975,0.2515,1.082,2.7986,3.93015,0.8765
432,6/10/2019,30.80859,10.5,2.5,3.0924,5.77099,0.255,1.08225,2.7988,3.93015,0.879
433,6/14/2019,30.80889,10.5,2.5,3.0924,5.77099,0.255,1.08225,2.7988,3.93045,0.879
434,6/17/2019,30.81415,10.5,2.5,3.09275,5.771,0.2575,1.08245,2.799,3.93045,0.881
435,6/21/2019,30.8137,10.5,2.5,3.09275,5.771,0.2575,1.08245,2.799,3.93,0.881
436,6/24/2019,30.81685,10.5,2.5,3.0925,5.771,0.261,1.08235,2.799,3.93,0.881
437,6/28/2019,30.81685,10.5,2.5,3.0925,5.771,0.261,1.08235,2.799,3.93,0.881
438,7/1/2019,30.82415,10.5,2.5,3.09275,5.77105,0.263,1.0828,2.7993,3.93075,0.8845
439,7/5/2019,30.82415,10.5,2.5,3.09275,5.77105,0.263,1.0828,2.7993,3.93075,0.8845
440,7/8/2019,30.828075,10.5,2.5,3.09275,5.771075,0.264,1.0831,2.7994,3.93125,0.8865
441,7/12/2019,30.828575,10.5,2.5,3.09275,5.771075,0.2645,1.0831,2.7994,3.93125,0.8865
442,7/15/2019,30.82906,10.5,2.5,3.0929,5.77111,0.264,1.0833,2.7996,3.93165,0.8865
443,7/19/2019,30.82906,10.5,2.5,3.0929,5.77111,0.264,1.0833,2.7996,3.93165,0.8865
444,7/22/2019,30.83314,10.5,2.5,3.0925,5.77114,0.265,1.0836,2.7999,3.932,0.889
445,7/26/2019,30.83314,10.5,2.5,3.0925,5.77114,0.265,1.0836,2.7999,3.932,0.889
446,7/31/2019,31.3375,11,2.5,3.0931,5.7711,0.2665,1.0836,2.8,3.9322,0.891
447,8/5/2019,31.3375,11,2.5,3.0931,5.7711,0.2665,1.0836,2.8,3.9322,0.891
448,8/9/2019,31.3382,11,2.5,3.0929,5.77115,0.2665,1.084,2.80045,3.9322,0.891
449,8/12/2019,31.3382,11,2.5,3.0929,5.77115,0.2665,1.084,2.80045,3.9322,0.891
450,8/16/2019,31.344775,11,2.5,3.0929,5.771175,0.269,1.0843,2.801,3.9324,0.894
451,8/19/2019,31.344775,11,2.5,3.0929,5.771175,0.269,1.0843,2.801,3.9324,0.894
452,8/24/2019,31.346625,11,2.5,3.09325,5.771175,0.27,1.0843,2.8014,3.9325,0.894
453,8/28/2019,31.346625,11,2.5,3.09325,5.771175,0.27,1.0843,2.8014,3.9325,0.894
454,9/2/2019,31.3532,11,2.5,3.0934,5.7712,0.2715,1.0845,2.8018,3.9328,0.898
455,9/6/2019,31.3532,11,2.5,3.0934,5.7712,0.2715,1.0845,2.8018,3.9328,0.898
456,9/9/2019,31.35448,11,2.5,3.0934,5.77123,0.2725,1.0849,2.80145,3.933,0.898
457,9/13/2019,31.35448,11,2.5,3.0934,5.77123,0.2725,1.0849,2.80145,3.933,0.898
458,9/16/2019,31.35518,11,2.5,3.09355,5.77123,0.275,1.0849,2.8016,3.9334,0.8955
459,9/20/2019,31.35518,11,2.5,3.09355,5.77123,0.275,1.0849,2.8016,3.9334,0.8955
460,9/23/2019,31.355115,11,2.5,3.09365,5.771265,0.275,1.085,2.8016,3.9331,0.8955
461,9/27/2019,31.355165,11,2.5,3.0937,5.771265,0.275,1.085,2.8016,3.9331,0.8955
462,10/1/2019,31.36209,11,2.5,3.0939,5.77124,0.278,1.0855,2.80195,3.9335,0.898
463,10/7/2019,31.36209,11,2.5,3.0939,5.77124,0.278,1.0855,2.80195,3.9335,0.898
464,10/11/2019,31.35861,11,2.5,3.0941,5.77126,0.274,1.0855,2.80225,3.9335,0.898
465,10/14/2019,31.35861,11,2.5,3.0941,5.77126,0.274,1.0855,2.80225,3.9335,0.898
466,10/18/2019,31.36229,11,2.5,3.09415,5.77124,0.2745,1.0859,2.80225,3.93375,0.9005
467,10/21/2019,31.33789,11,2.5,3.09425,5.77124,0.25,1.0859,2.80225,3.93375,0.9005
468,10/25/2019,31.33844,11,2.5,3.09425,5.77124,0.25,1.0859,2.80265,3.9339,0.9005
469,10/29/2019,31.33844,11,2.5,3.09425,5.77124,0.25,1.0859,2.80265,3.9339,0.9005
470,11/4/2019,31.37273,11,2.5,3.0944,5.77128,0.275,1.0861,2.80295,3.934,0.909
471,11/8/2019,31.37273,11,2.5,3.0944,5.77128,0.275,1.0861,2.80295,3.934,0.909
472,11/11/2019,31.37715,11,2.5,3.0944,5.7713,0.28,1.0864,2.80225,3.9338,0.909
473,11/15/2019,31.37715,11,2.5,3.0944,5.7713,0.28,1.0864,2.80225,3.9338,0.909
474,11/18/2019,31.3862,11,2.5,3.0945,5.7713,0.284,1.08665,2.80275,3.934,0.913
475,11/22/2019,31.3862,11,2.5,3.0945,5.7713,0.284,1.08665,2.80275,3.934,0.913
476,11/25/2019,31.387775,11,2.5,3.0945,5.771325,0.286,1.0855,2.80325,3.9342,0.913
477,11/29/2019,31.387775,11,2.5,3.0945,5.771325,0.286,1.0855,2.80325,3.9342,0.913
478,12/2/2019,32.39369,11.5,3,3.09465,5.77134,0.2875,1.0859,2.8034,3.9344,0.9165
479,12/6/2019,32.39369,11.5,3,3.09465,5.77134,0.2875,1.0859,2.8034,3.9344,0.9165
480,12/9/2019,31.892575,11.5,2.5,3.09,5.771375,0.289,1.086,2.8038,3.9344,0.918
481,12/13/2019,31.892575,11.5,2.5,3.09,5.771375,0.289,1.086,2.8038,3.9344,0.918
482,12/16/2019,32.2871,11.5,3,3.09,5.77095,0.283,1.0859,2.80275,3.8345,0.92
483,12/20/2019,32.2871,11.5,3,3.09,5.77095,0.283,1.0859,2.80275,3.8345,0.92
484,12/23/2019,32.2901,11.5,3,3.09,5.77095,0.283,1.0859,2.80275,3.835,0.9225
485,12/27/2019,32.2901,11.5,3,3.09,5.77095,0.283,1.0859,2.80275,3.835,0.9225
487,1/6/2020,32.1256,11,3,3.1091,5.975,0.288,1.096,2.8125,3.925,0.92
488,1/10/2020,32.1256,11,3,3.1091,5.975,0.288,1.096,2.8125,3.925,0.92
489,1/13/2020,32.1281,11,3,3.1091,5.975,0.288,1.096,2.8125,3.925,0.9225
490,1/17/2020,32.1281,11,3,3.1091,5.975,0.288,1.096,2.8125,3.925,0.9225
491,1/20/2020,32.1281,11,3,3.1091,5.975,0.288,1.096,2.8125,3.925,0.9225
492,1/24/2020,32.1281,11,3,3.1091,5.975,0.288,1.096,2.8125,3.925,0.9225
493,1/27/2020,32.1881,11,3,3.1091,5.975,0.288,1.096,2.8725,3.925,0.9225
494,1/31/2020,32.1881,11,3,3.1091,5.975,0.288,1.096,2.8725,3.925,0.9225
495,2/3/2020,32.2094,11,3,3.1085,5.99,0.285,1.0959,2.8725,3.935,0.9225
496,2/7/2020,32.2094,11,3,3.1085,5.99,0.285,1.0959,2.8725,3.935,0.9225
497,2/10/2020,32.2594,11,3,3.1085,6.04,0.285,1.0959,2.8725,3.935,0.9225
498,2/14/2020,32.2594,11,3,3.1085,6.04,0.285,1.0959,2.8725,3.935,0.9225
499,2/17/2020,32.2594,11,3,3.1085,6.04,0.285,1.0959,2.8725,3.935,0.9225
500,2/21/2020,32.2594,11,3,3.1085,6.04,0.285,1.0959,2.8725,3.935,0.9225
501,2/24/2020,32.2694,11,3,3.1085,6.04,0.285,1.0959,2.8825,3.935,0.9225
502,2/28/2020,32.2694,11,3,3.1085,6.04,0.285,1.0959,2.8825,3.935,0.9225
503,3/2/2020,32.30175,11,3,3.10785,6.095,0.2915,1.0964,2.8825,3.906,0.9225
504,3/6/2020,32.29175,11,3,3.10785,6.095,0.2915,1.0864,2.8825,3.906,0.9225
505,3/9/2020,32.33675,11,3,3.10785,6.14,0.2915,1.0864,2.8825,3.906,0.9225
506,3/13/2020,32.33675,11,3,3.10785,6.14,0.2915,1.0864,2.8825,3.906,0.9225
507,3/16/2020,32.35075,11,3,3.10785,6.14,0.2915,1.0864,2.8925,3.91,0.9225
508,3/20/2020,32.35075,11,3,3.10785,6.14,0.2915,1.0864,2.8925,3.91,0.9225
509,3/23/2020,32.34145,11,3,3.10835,6.14,0.291,1.0871,2.8925,3.91,0.9125
510,3/27/2020,32.34145,11,3,3.10835,6.14,0.291,1.0871,2.8925,3.91,0.9125
511,4/1/2020,32.3039,11.05,3,3.099,6.14,0.287,1.0859,2.8125,3.915,0.9145
512,4/6/2020,32.3039,11.05,3,3.099,6.14,0.287,1.0859,2.8125,3.915,0.9145
513,4/10/2020,32.3039,11.05,3,3.099,6.14,0.287,1.0859,2.8125,3.915,0.9145
514,4/13/2020,32.3039,11.05,3,3.099,6.14,0.287,1.0859,2.8125,3.915,0.9145
515,4/17/2020,32.3094,11.05,3,3.099,6.145,0.287,1.0859,2.8125,3.915,0.915
516,4/20/2020,32.30965,11.05,3,3.09925,6.145,0.287,1.0859,2.8125,3.915,0.915
517,4/24/2020,32.31365,11.05,3,3.10325,6.145,0.287,1.0859,2.8125,3.915,0.915
518,4/28/2020,32.31365,11.05,3,3.10325,6.145,0.287,1.0859,2.8125,3.915,0.915
519,5/4/2020,32.28345,11,3,3.1044,6.125,0.2925,1.08655,2.8125,3.94,0.9225
520,5/8/2020,32.28345,11,3,3.1044,6.125,0.2925,1.08655,2.8125,3.94,0.9225
521,5/11/2020,32.33345,11,3,3.1044,6.125,0.2975,1.08655,2.8475,3.95,0.9225
522,5/15/2020,32.33345,11,3,3.1044,6.125,0.2975,1.08655,2.8475,3.95,0.9225
523,5/18/2020,32.33445,11,3,3.1054,6.125,0.2975,1.08655,2.8475,3.95,0.9225
524,5/22/2020,32.33445,11,3,3.1054,6.125,0.2975,1.08655,2.8475,3.95,0.9225
525,5/25/2020,32.33445,11,3,3.1054,6.125,0.2975,1.08655,2.8475,3.95,0.9225
526,5/29/2020,32.33445,11,3,3.1054,6.125,0.2975,1.08655,2.8475,3.95,0.9225
527,6/2/2020,32.3532,11,3,3.10725,6.145,0.295,1.08695,2.8365,3.96,0.9225
528,6/5/2020,32.3532,11,3,3.10725,6.145,0.295,1.08695,2.8365,3.96,0.9225
529,6/8/2020,32.3532,11,3,3.10725,6.145,0.295,1.08695,2.8365,3.96,0.9225
530,6/12/2020,32.3532,11,3,3.10725,6.145,0.295,1.08695,2.8365,3.96,0.9225
531,6/15/2020,32.35515,11,3,3.10725,6.145,0.298,1.0859,2.8365,3.96,0.9225
532,6/19/2020,32.35515,11,3,3.10725,6.145,0.298,1.0859,2.8365,3.96,0.9225
533,6/22/2020,32.37015,11,3,3.10725,6.145,0.298,1.0859,2.8365,3.975,0.9225
534,6/26/2020,32.37015,11,3,3.10725,6.145,0.298,1.0859,2.8365,3.975,0.9225
535,7/3/2020,32.3968,11,3,3.1079,6.155,0.299,1.0899,2.8475,3.975,0.9225
536,7/8/2020,32.3968,11,3,3.1079,6.155,0.299,1.0899,2.8475,3.975,0.9225
537,7/13/2020,32.387,11,3,3.1081,6.155,0.299,1.0899,2.8475,3.965,0.9225
538,7/17/2020,32.388,11,3,3.1081,6.155,0.299,1.0909,2.8475,3.965,0.9225
539,7/20/2020,32.387,11,3,3.1081,6.155,0.298,1.0909,2.8475,3.965,0.9225
540,7/24/2020,32.387,11,3,3.1081,6.155,0.298,1.0909,2.8475,3.965,0.9225
541,7/27/2020,32.387,11,3,3.1081,6.155,0.298,1.0909,2.8475,3.965,0.9225
542,7/31/2020,32.387,11,3,3.1081,6.155,0.298,1.0909,2.8475,3.965,0.9225
543,8/3/2020,32.38805,11,3,3.10915,6.225,0.298,1.0859,2.8125,3.935,0.9225
544,8/7/2020,32.38805,11,3,3.10915,6.225,0.298,1.0859,2.8125,3.935,0.9225
545,8/10/2020,32.38805,11,3,3.10915,6.225,0.298,1.0859,2.8125,3.935,0.9225
546,8/14/2020,32.38805,11,3,3.10915,6.225,0.298,1.0859,2.8125,3.935,0.9225
547,8/17/2020,32.3982,11,3,3.1093,6.225,0.298,1.0859,2.8125,3.945,0.9225
548,8/21/2020,32.3982,11,3,3.1093,6.225,0.298,1.0859,2.8125,3.945,0.9225
549,8/24/2020,32.4212,11,3,3.1093,6.255,0.293,1.0859,2.8105,3.945,0.9225
550,8/28/2020,32.4212,11,3,3.1093,6.255,0.293,1.0859,2.8105,3.945,0.9225
551,9/2/2020,32.4143,11.15,3,3.1104,6.075,0.298,1.0859,2.8125,3.96,0.9225
552,9/7/2020,32.4143,11.15,3,3.1104,6.075,0.298,1.0859,2.8125,3.96,0.9225
553,9/11/2020,32.4243,11.15,3,3.1104,6.075,0.298,1.0859,2.8125,3.97,0.9225
554,9/14/2020,32.4243,11.15,3,3.1104,6.075,0.298,1.0859,2.8125,3.97,0.9225
555,9/18/2020,32.4248,11.15,3,3.1109,6.075,0.298,1.0859,2.8125,3.97,0.9225
556,9/21/2020,32.4248,11.15,3,3.1109,6.075,0.298,1.0859,2.8125,3.97,0.9225
557,9/25/2020,32.4348,11.15,3,3.1109,6.075,0.298,1.0859,2.8125,3.98,0.9225
558,9/30/2020,32.4348,11.15,3,3.1109,6.075,0.298,1.0859,2.8125,3.98,0.9225
559,10/5/2020,32.45605,11.175,3,3.11115,6.075,0.294,1.0859,2.8125,3.98,0.9225
560,10/9/2020,32.45605,11.175,3,3.11115,6.075,0.294,1.0859,2.8125,3.98,0.9225
561,10/12/2020,32.45605,11.175,3,3.11115,6.075,0.294,1.0859,2.8125,3.98,0.9225
562,10/16/2020,32.45605,11.175,3,3.11115,6.075,0.294,1.0859,2.8125,3.98,0.9225
563,10/19/2020,32.51605,11.175,3,3.11115,6.135,0.294,1.0859,2.8125,3.98,0.9225
564,10/23/2020,32.51605,11.175,3,3.11115,6.135,0.294,1.0859,2.8125,3.98,0.9225
565,10/26/2020,32.51615,11.175,3,3.11125,6.135,0.294,1.0859,2.8125,3.98,0.9225
566,10/30/2020,32.51615,11.175,3,3.11125,6.135,0.294,1.0859,2.8125,3.98,0.9225
567,11/2/2020,32.5133,11.175,3,3.1134,6.145,0.294,1.0859,2.8125,3.96,0.9275
568,11/6/2020,32.5133,11.175,3,3.1134,6.145,0.294,1.0859,2.8125,3.96,0.9275
569,11/9/2020,32.5168,11.175,3,3.1134,6.145,0.296,1.0859,2.8125,3.96,0.929
570,11/13/2020,32.5368,11.175,3,3.1134,6.145,0.296,1.0859,2.8125,3.98,0.929
571,11/16/2020,32.5373,11.175,3,3.1134,6.145,0.296,1.0864,2.8125,3.98,0.929
572,11/20/2020,32.5373,11.175,3,3.1134,6.145,0.296,1.0864,2.8125,3.98,0.929
573,11/23/2020,32.5373,11.175,3,3.1134,6.145,0.296,1.0864,2.8125,3.98,0.929
574,11/27/2020,32.5373,11.175,3,3.1134,6.145,0.296,1.0864,2.8125,3.98,0.929
575,12/1/2020,32.8808,11.5,3,3.1179,6.155,0.297,1.0914,2.817,3.98,0.9225
576,12/7/2020,32.8808,11.5,3,3.1179,6.155,0.297,1.0914,2.817,3.98,0.9225
577,12/11/2020,32.9958,11.5,3,3.1179,6.255,0.297,1.0914,2.832,3.98,0.9225
578,12/14/2020,32.9958,11.5,3,3.1179,6.255,0.297,1.0914,2.832,3.98,0.9225
579,12/18/2020,33.0063,11.5,3,3.1229,6.255,0.2975,1.0964,2.832,3.98,0.9225
580,12/21/2020,33.0063,11.5,3,3.1229,6.255,0.2975,1.0964,2.832,3.98,0.9225
581,12/25/2020,33.0063,11.5,3,3.1229,6.255,0.2975,1.0964,2.832,3.98,0.9225
582,12/28/2020,33.0063,11.5,3,3.1229,6.255,0.2975,1.0964,2.832,3.98,0.9225
